/catalog/svarochnye-instrumenty/;
/catalog/obmen-gazovih-ballonov/;
/tekhnicheskie-gazy/40l/;catalog/obmen-gazovih-ballonov/obmen-svarochnoj-smesi/40l/
/tekhnicheskie-gazy/ballony-40-litrov/40l/;catalog/obmen-gazovih-ballonov/obmen-svarochnoj-smesi/40l/
/catalog/azot/ballon-na-40l/40l/;catalog/obmen-gazovih-ballonov/obmen-svarochnoj-smesi/40l/
/catalog/obmen-gazovih-ballonov/40l/;catalog/obmen-gazovih-ballonov/obmen-svarochnoj-smesi/40l/
/catalog/propan/5l/;tekhnicheskie-gazy/5l/
/catalog/zapravka-gazovih-ballonov/uglekislota/5l/;tekhnicheskie-gazy/5l/
/tekhnicheskie-gazy/atsetilen-40l-ballon-103/;catalog/atsetilen-v-ballonah/atsetilen-40l-ballon-103/
/catalog/zapravka-gazovih-ballonov/s-gazom-40-litrov/atsetilen-40l-ballon-103/;catalog/atsetilen-v-ballonah/atsetilen-40l-ballon-103/
/catalog/gaz-biogon/ballon-na-40-litrov/40l-1/;catalog/zapravka-gazovih-ballonov/40l-1/
/catalog/gaz-biogon/40l-1/;catalog/zapravka-gazovih-ballonov/40l-1/
/catalog/argon/kislorod-5l-1/;catalog/argon/
/catalog/argon/аргон-5л/;catalog/argon/
/catalog/argon/аыва/;catalog/argon/
/catalog/zapravka-gazovih-ballonov/5l-3/;catalog/zapravka-gazovih-ballonov/zapravka-ballonov-azotom/5l-3/
/catalog/zapravka-gazovih-ballonov/5l-4/;catalog/zapravka-gazovih-ballonov/zapravka-ballonov-argonom/5l-4/
/catalog/kislorod/kislorod-40l-1/;catalog/zapravka-gazovih-ballonov/kislorodnyh-ballonov/kislorod-40l-1/
/catalog/zapravka-gazovih-ballonov/kislorod-40l-1/;catalog/zapravka-gazovih-ballonov/kislorodnyh-ballonov/kislorod-40l-1/
/catalog/zapravka-gazovih-ballonov/2l-3/;catalog/zapravka-gazovih-ballonov/zapravka-ballonov-argonom/2l-3/
/catalog/svarochnye-materialy/uoni-13-55-3mm;catalog/svarochnye-materialy/elektrody-svarochnye/uoni-13-55-3mm/
/catalog/zapravka-gazovih-ballonov/20l-3/;catalog/zapravka-gazovih-ballonov/zapravka-ballonov-argonom/20l-3/
/catalog/kislorod/kislorod-10l-do-5sht/;catalog/zapravka-gazovih-ballonov/kislorodnyh-ballonov/kislorod-10l/
/catalog/svarochnye-materialy/sv-08g2s-15kg-16mm/;catalog/svarochnye-materialy/
/catalog/svarochnye-materialy/sv-08g2s-15kg-08mm/;catalog/svarochnye-materialy/
/catalog/svarochnye-materialy/provoloka-svarochnaya/sv-08g2s-15kg-16mm/;catalog/svarochnye-materialy/sv-08g2s/
/catalog/svarochnye-materialy/provoloka-svarochnaya/sv-08g2s-15kg-08mm/;catalog/svarochnye-materialy/sv-08g2s/
/catalog/arenda-ballonov/atsetilen-10l-1/;catalog/arenda-ballonov/atsetilen/atsetilen-10l-1/
/catalog/kislorod/kislorod-20l/;catalog/zapravka-gazovih-ballonov/kislorodnyh-ballonov/kislorod-20l/
/catalog/zapravka-gazovih-ballonov/kislorod-20l/;catalog/zapravka-gazovih-ballonov/kislorodnyh-ballonov/kislorod-20l/
/catalog/svarochnye-materialy/elektrody-svarochnye/uoni-13-55-3mm/;catalog/svarochnye-materialy/uoni-13-55-3mm/
/catalog/svarochnye-materialy/provoloka-svarochnaya/sv-08g2s/;catalog/svarochnye-materialy/sv-08g2s/
/catalog/svarochnye-instrumenty/rezaki-svarochnye/r3p-02m-propan/;catalog/svarochnye-instrumenty/r3p-02m-propan/
/catalog/svarochnye-instrumenty/rezaki-svarochnye/rst-3-p-propan/;catalog/svarochnye-instrumenty/rst-3-p-propan/
/catalog/obmen-gazovih-ballonov/obmen-argona/zapravka-argonom-10l/;catalog/obmen-gazovih-ballonov/zapravka-argonom-10l/
/catalog/obmen-gazovih-ballonov/obmen-azota/zapravka-azotom-40l/;catalog/obmen-gazovih-ballonov/zapravka-azotom-40l/
/catalog/svarochnye-materialy/elektrody-svarochnye/mp-3s-3mm/;catalog/svarochnye-materialy/mp-3s-3mm/
/catalog/zapravka-gazovih-ballonov/kislorodnyh-ballonov/zapravka-svarochnyh-ballonov-kislorodom/kislorod-5l/;catalog/zapravka-gazovih-ballonov/kislorod-5l/
/catalog/zapravka-gazovih-ballonov/kislorodnyh-ballonov/zapravka-kislorodom-novyh-ballonov/kislorod-5l/;catalog/zapravka-gazovih-ballonov/kislorod-5l/
/catalog/zapravka-gazovih-ballonov/kislorodnyh-ballonov/zapravka-kislorodom-oborotnyh-ballonov/kislorod-5l/;catalog/zapravka-gazovih-ballonov/kislorod-5l/
/catalog/zapravka-gazovih-ballonov/kislorodnyh-ballonov/zapravka-kislorodom-dlya-rezki-metalla/kislorod-5l/;catalog/zapravka-gazovih-ballonov/kislorod-5l/
/catalog/zapravka-gazovih-ballonov/kislorodnyh-ballonov/kislorod-dlya-svarki/kislorod-5l/;catalog/zapravka-gazovih-ballonov/kislorod-5l/
/catalog/zapravka-gazovih-ballonov/kislorodnyh-ballonov/zapravka-ballonov-tekhnicheskim-kislorodom/kislorod-5l/;catalog/zapravka-gazovih-ballonov/kislorod-5l/
/catalog/zapravka-gazovih-ballonov/kislorodnyh-ballonov/obmen-ballonov-pod-kislorod/kislorod-5l/;catalog/zapravka-gazovih-ballonov/kislorod-5l/
/catalog/zapravka-gazovih-ballonov/kislorodnyh-ballonov/kislorod-5l/;catalog/zapravka-gazovih-ballonov/kislorod-5l/
/catalog/zapravka-gazovih-ballonov/kislorodnyh-ballonov/zapravka-svarochnyh-ballonov-kislorodom/kislorod-40l-1/;catalog/zapravka-gazovih-ballonov/kislorodnyh-ballonov/kislorod-40l-1/
/catalog/zapravka-gazovih-ballonov/kislorodnyh-ballonov/zapravka-kislorodom-novyh-ballonov/kislorod-40l-1/;catalog/zapravka-gazovih-ballonov/kislorodnyh-ballonov/kislorod-40l-1/
/catalog/zapravka-gazovih-ballonov/kislorodnyh-ballonov/zapravka-kislorodom-dlya-rezki-metalla/kislorod-40l-1/;catalog/zapravka-gazovih-ballonov/kislorodnyh-ballonov/kislorod-40l-1/
/catalog/zapravka-gazovih-ballonov/kislorodnyh-ballonov/zapravka-kislorodom-oborotnyh-ballonov/kislorod-40l-1/;catalog/zapravka-gazovih-ballonov/kislorodnyh-ballonov/kislorod-40l-1/
/catalog/zapravka-gazovih-ballonov/kislorodnyh-ballonov/kislorod-dlya-svarki/kislorod-40l-1/;catalog/zapravka-gazovih-ballonov/kislorodnyh-ballonov/kislorod-40l-1/
/catalog/zapravka-gazovih-ballonov/kislorodnyh-ballonov/obmen-ballonov-pod-kislorod/kislorod-40l-1/;catalog/zapravka-gazovih-ballonov/kislorodnyh-ballonov/kislorod-40l-1/
/catalog/zapravka-gazovih-ballonov/kislorodnyh-ballonov/zapravka-ballonov-tekhnicheskim-kislorodom/kislorod-40l-1/;catalog/zapravka-gazovih-ballonov/kislorodnyh-ballonov/kislorod-40l-1/
/catalog/zapravka-gazovih-ballonov/kislorodnyh-ballonov/zapravka-svarochnyh-ballonov-kislorodom/kislorod-20l/;catalog/zapravka-gazovih-ballonov/kislorodnyh-ballonov/kislorod-20l/
/catalog/zapravka-gazovih-ballonov/kislorodnyh-ballonov/zapravka-kislorodom-novyh-ballonov/kislorod-20l/;catalog/zapravka-gazovih-ballonov/kislorodnyh-ballonov/kislorod-20l/
/catalog/zapravka-gazovih-ballonov/kislorodnyh-ballonov/zapravka-kislorodom-oborotnyh-ballonov/kislorod-20l/;catalog/zapravka-gazovih-ballonov/kislorodnyh-ballonov/kislorod-20l/
/catalog/zapravka-gazovih-ballonov/kislorodnyh-ballonov/zapravka-kislorodom-dlya-rezki-metalla/kislorod-20l/;catalog/zapravka-gazovih-ballonov/kislorodnyh-ballonov/kislorod-20l/
/catalog/zapravka-gazovih-ballonov/kislorodnyh-ballonov/obmen-ballonov-pod-kislorod/kislorod-20l/;catalog/zapravka-gazovih-ballonov/kislorodnyh-ballonov/kislorod-20l/
/catalog/zapravka-gazovih-ballonov/kislorodnyh-ballonov/kislorod-dlya-svarki/kislorod-20l/;catalog/zapravka-gazovih-ballonov/kislorodnyh-ballonov/kislorod-20l/
/catalog/zapravka-gazovih-ballonov/kislorodnyh-ballonov/zapravka-ballonov-tekhnicheskim-kislorodom/kislorod-20l/;catalog/zapravka-gazovih-ballonov/kislorodnyh-ballonov/kislorod-20l/
/catalog/propan/;catalog/arenda-ballonov/propan/
/catalog/zapravka-gazovih-ballonov/40l-1/;catalog/zapravka-gazovih-ballonov/zapravka-ballonov-azotom/40l-1/
/catalog/zapravka-gazovih-ballonov/20l-2/;catalog/zapravka-gazovih-ballonov/zapravka-ballonov-azotom/20l-2/
/catalog/kislorod/kislorod-10l-do-50sht/;catalog/kislorod/zapravka-kislorodnih-ballonov/kislorod-10l-do-50sht/
/catalog/zapravka-gazovih-ballonov/10l-1/;catalog/zapravka-gazovih-ballonov/zapravka-ballonov-azotom/10l-1/
/catalog/svarochnye-materialy/mp-3s-4mm/;catalog/svarochnye-materialy/
/tekhnicheskie-gazy/ballony-5-litrov/5l/;tekhnicheskie-gazy/5l/
/catalog/svarochnye-materialy/uoni-13-55-4mm/;catalog/svarochnye-materialy/
/catalog/svarochnye-materialy/elektrody-svarochnye/uoni-13-55-4mm/;catalog/svarochnye-materialy/elektrody-svarochnye/
/catalog/obmen-gazovih-ballonov/obmen-argona/zapravka-argonom-40l/;catalog/obmen-gazovih-ballonov/
/catalog/obmen-gazovih-ballonov/obmen-svarochnoj-smesi/zapravka-10l/;catalog/obmen-gazovih-ballonov/
/catalog/arenda-ballonov/gaz-biogon-40l-ballon-1/;catalog/arenda-ballonov/biogon/gaz-biogon-40l-ballon-1/
/catalog/argon/10l-4/;catalog/arenda-ballonov/argon-10l-1/
/catalog/svarochnye-instrumenty/gv-3-d-50-propan/;catalog/svarochnye-instrumenty/gorelki-svarochnye/gv-3-d-50-propan/
/catalog/svarochnye-instrumenty/gorelki-svarochnye/gs-2m-acetilen/;catalog/svarochnye-instrumenty/gs-2m-acetilen/
/catalog/zapravka-gazovih-ballonov/kislorod-10l/;catalog/zapravka-gazovih-ballonov/kislorodnyh-ballonov/kislorod-10l/
/catalog/zapravka-gazovih-ballonov/kislorodnyh-ballonov/zapravka-kislorodom-oborotnyh-ballonov/kislorod-10l/;catalog/zapravka-gazovih-ballonov/kislorodnyh-ballonov/kislorod-10l/
/catalog/zapravka-gazovih-ballonov/kislorodnyh-ballonov/zapravka-kislorodom-novyh-ballonov/kislorod-10l/;catalog/zapravka-gazovih-ballonov/kislorodnyh-ballonov/kislorod-10l/
/catalog/zapravka-gazovih-ballonov/kislorodnyh-ballonov/zapravka-kislorodom-dlya-rezki-metalla/kislorod-10l/;catalog/zapravka-gazovih-ballonov/kislorodnyh-ballonov/kislorod-10l/
/catalog/zapravka-gazovih-ballonov/kislorodnyh-ballonov/kislorod-dlya-svarki/kislorod-10l/;catalog/zapravka-gazovih-ballonov/kislorodnyh-ballonov/kislorod-10l/
/catalog/zapravka-gazovih-ballonov/kislorodnyh-ballonov/obmen-ballonov-pod-kislorod/kislorod-10l/;catalog/zapravka-gazovih-ballonov/kislorodnyh-ballonov/kislorod-10l/
/catalog/zapravka-gazovih-ballonov/kislorodnyh-ballonov/zapravka-ballonov-tekhnicheskim-kislorodom/kislorod-10l/;catalog/zapravka-gazovih-ballonov/kislorodnyh-ballonov/kislorod-10l/
/catalog/zapravka-gazovih-ballonov/kislorodnyh-ballonov/zapravka-svarochnyh-ballonov-kislorodom/kislorod-10l/;catalog/zapravka-gazovih-ballonov/kislorodnyh-ballonov/kislorod-10l/
/catalog/svarochnaya-smes/zapravka-10l/;catalog/svarochnaya-smes/
/catalog/svarochnye-materialy/elektrody-svarochnye/mp-3s-4mm/;catalog/svarochnye-materialy/elektrody-svarochnye/
/catalog/kislorod/kislorod-10l-do-10sht/;catalog/kislorod/zapravka-kislorodnih-ballonov/kislorod-10l-do-10sht/
/catalog/zapravka-gazovih-ballonov/zapravka-ballonov-azotom/5l/;catalog/kislorod/5l/
/catalog/arenda-ballonov/biogon/gaz-biogon-40l-ballon-1/;catalog/arenda-ballonov/gaz-biogon-40l-ballon-1/
/tekhnicheskie-gazy/5l/;/catalog/kislorod/5l/
/catalog/kislorod/do-50-shtuk/;/catalog/kislorod/
/catalog/zapravka-gazovih-ballonov/zapravka-10l/;/catalog/zapravka-gazovih-ballonov/
/dostavka-gazovih-ballonov-vseh/12l-1/;/otzyvy/
/catalog/zapravka-gazovih-ballonov/zapravka-ballonov-argonom/20l-3/;/catalog/zapravka-gazovih-ballonov/20l-3/
/catalog/kislorod/kislorod-10l-do-10sht/;/catalog/zapravka-gazovih-ballonov/kislorodnyh-ballonov/kislorod-10l/ 
/catalog/kislorod/zapravka-kislorodnih-ballonov/kislorod-10l-do-10sht/;/catalog/zapravka-gazovih-ballonov/kislorodnyh-ballonov/kislorod-10l


